Anime,Release_date,Length,Genre,Rating
Fullmetal Alchemist: Brotherhood,(2009-2010),24,"Animation, Action, Adventure",9.1
Attack on Titan,(2013-2023),24,"Animation, Action, Adventure",9
Hunter x Hunter,(2011-2014),24,"Animation, Action, Adventure",9
Bleach: Thousand-Year Blood War,(2022- ),24,"Animation, Action, Adventure",9
Ginga eiyû densetsu,(1988-1997),25,"Animation, Action, Drama",9
One Piece,(1999- ),24,"Animation, Action, Adventure",8.9
Ölüm Defteri,(2006-2007),851,"Animation, Crime, Drama",8.9
Cowboy Bebop,(1998-1999),650,"Animation, Action, Adventure",8.9
Ginga: Nagareboshi Gin,-1986,25,"Animation, Action, Adventure",8.9
Vinland Saga,(2019-2023),24,"Animation, Action, Adventure",8.8
Dragon Ball Z,(1989-1996),24,"Animation, Action, Adventure",8.8
Steins;Gate,(2011-2015),24,"Animation, Comedy, Drama",8.8
Naruto: Shippûden,(2007-2017),24,"Animation, Action, Adventure",8.7
One Punch Man: Wanpanman,(2015-2019),24,"Animation, Action, Comedy",8.7
Kenpuu Denki Berserk,(1997-1998),23,"Animation, Action, Adventure",8.7
Monster,(2004-2005),24,"Animation, Crime, Drama",8.7
Haikyuu!!,(2014-2020),24,"Animation, Comedy, Drama",8.7
Gintama,(2005-2021),25,"Animation, Action, Comedy",8.7
Code Geass: Lelouch of the Rebellion,(2006-2008),24,"Animation, Action, Drama",8.7
Jujutsu Kaisen,(2020- ),24,"Animation, Action, Adventure",8.6
Demon Slayer: Kimetsu no Yaiba,(2019- ),24,"Animation, Action, Adventure",8.6
Mob Psycho 100,(2016-2022),24,"Animation, Action, Comedy",8.6
Fruits Basket,(2019-2021),24,"Animation, Comedy, Drama",8.6
JoJo's Bizarre Adventure,(2012- ),24,"Animation, Action, Adventure",8.5
The End of Evangelion,(1995-1996),24,"Animation, Action, Drama",8.5
Kaguya-sama: Love is War,(2019-2023),24,"Animation, Comedy, Romance",8.5
Fullmetal Alchemist,(2003-2004),24,"Animation, Action, Adventure",8.5
Saint Seiya,(1986-1989),24,"Animation, Action, Adventure",8.5
Ôsama Ranking,(2021-2022),23,"Animation, Action, Adventure",8.5
Nana,(2006-2007),21,"Animation, Comedy, Drama",8.5
Kingdom,(2012- ),25,"Animation, Action, Drama",8.5
Kôkaku kidôtai: Stand Alone Complex,(2002-2005),24,"Animation, Action, Crime",8.5
Robotech,-1985,30,"Animation, Action, Adventure",8.5
Naruto,(2002-2007),24,"Animation, Action, Adventure",8.4
Spy x Family,(2022- ),24,"Animation, Action, Comedy",8.4
Chainsaw Man,(2022- ),25,"Animation, Action, Adventure",8.4
Mushoku-tensei ~Isekai ittara honki dasu~,(2021- ),24,"Animation, Action, Adventure",8.4
Kahramanlık Akademim,(2016- ),24,"Animation, Action, Adventure",8.3
Black Clover,(2017-2021),24,"Animation, Action, Adventure",8.3
Kiseijû: Sei no kakuritsu,(2014-2015),22,"Animation, Action, Drama",8.3
Dororo,-2019,30,"Animation, Action, Adventure",8.3
Tengen toppa gurren lagann,-2007,24,"Animation, Action, Adventure",8.3
The Disastrous Life of Saiki K.,(2016-2018),24,"Animation, Comedy, Fantasy",8.3
N.H.K ni yôkoso!,-2006,24,"Animation, Comedy, Drama",8.3
Bleach: Burîchi,(2004-2023),24,"Animation, Action, Adventure",8.2
Yakusoku no Neverland,(2019-2021),23,"Animation, Action, Adventure",8.2
Psycho-Pass,(2012-2019),25,"Animation, Action, Crime",8.2
Banana Fish,-2018,22,"Animation, Action, Adventure",8.2
Kaptan Tsubasa,(2018-2023),22,"Animation, Drama, Family",8.2
Dr. Stone,(2019- ),24,"Animation, Action, Adventure",8.1
Re:Zero kara Hajimeru Isekai Seikatsu,(2016- ),24,"Animation, Adventure, Drama",8.1
Food Wars: Shokugeki no Soma,(2015-2020),24,"Animation, Comedy, Drama",8.1
Space Dandy,-2014,24,"Animation, Adventure, Comedy",8.1
Tengoku daimakyô,-2023,24,"Animation, Adventure, Mystery",8
My Dress-Up Darling,-2022,24,"Animation, Comedy, Romance",8
Toradora!,(2008-2009),24,"Animation, Comedy, Drama",8
Aggretsuko,(2018-2023),15,"Animation, Short, Comedy",8
SK8 the Infinity,-2021,NA,"Animation, Adventure, Comedy",8
Oban Star-Racers,-2006,25,"Animation, Action, Adventure",8
Tokyo Revengers,(2021- ),24,"Animation, Action, Drama",7.9
Tate no Yuusha no Nariagari,(2019- ),24,"Animation, Action, Adventure",7.9
Fairy Tail,(2009-2019),24,"Animation, Action, Adventure",7.9
Black Lagoon,-2006,25,"Animation, Action, Adventure",7.9
Kiru ra kiru: KILL la KILL,(2013-2014),25,"Animation, Action, Comedy",7.9
Yahari ore no seishun rabukome wa machigatteiru.,(2013-2023),24,"Animation, Comedy, Drama",7.9
Ergo Proxy,-2006,25,"Animation, Action, Adventure",7.9
Buddy Daddies,-2023,24,"Animation, Action, Comedy",7.9
Sukippu to rôfâ,-2023,23,"Animation, Comedy, Drama",7.9
Kage no Jitsuryokusha ni Naritakute!,(2022- ),24,"Animation, Action, Adventure",7.8
The Seven Deadly Sins,(2014-2021),24,"Animation, Action, Adventure",7.8
Watashi no Shiawase na Kekkon,(2023- ),NA,"Animation, Drama, Fantasy",7.8
Akame ga Kill!,-2014,24,"Animation, Action, Adventure",7.8
KonoSuba - God's blessing on this wonderful world!!,(2016-2023),24,"Animation, Adventure, Comedy",7.8
Noragami,(2014-2015),24,"Animation, Action, Adventure",7.8
Higurashi no naku koro ni,-2006,24,"Animation, Drama, Horror",7.8
Kimi ni todoke,(2009-2011),24,"Animation, Comedy, Drama",7.8
Durarara!!,-2010,24,"Animation, Action, Comedy",7.8
ReLIFE,(2016-2018),24,"Animation, Comedy, Drama",7.8
Küçük Cadı Akademisi,-2017,25,"Animation, Adventure, Comedy",7.8
Ôkami to kôshinryô,(2008-2009),24,"Animation, Adventure, Drama",7.8
Yôkoso jitsuryoku shijô shugi no kyôshitsu e,(2017- ),24,"Animation, Drama, Thriller",7.7
Overlord,(2015-2022),30,"Animation, Action, Adventure",7.7
Dota: Dragon's Blood,(2021- ),25,"Animation, Action, Adventure",7.7
Beastars,(2019- ),23,"Animation, Crime, Drama",7.7
Go-Toubun no Hanayome,(2019-2021),24,"Animation, Comedy, Drama",7.7
Mairimashita! Iruma-kun,(2019-2023),23,"Animation, Comedy, Drama",7.7
Karakai Jouzu no Takagi-san,(2018-2022),23,"Animation, Comedy, Romance",7.7
Sakurasou no Pet na Kanojo,(2012-2013),24,"Animation, Comedy, Drama",7.7
High School DxD,(2012-2018),23,"Animation, Action, Comedy",7.6
Fire Force,(2019- ),23,"Animation, Action, Drama",7.6
Kangoku gakuen,(2015-2016),24,"Animation, Comedy",7.6
Tomo-chan Is a Girl!,-2023,23,"Animation, Comedy, Drama",7.6
Romantic Killer,-2022,24,"Animation, Comedy, Fantasy",7.6
Lycoris Recoil,-2022,24,"Animation, Action, Comedy",7.6
Battle of the Planets,(1978-1980),30,"Animation, Action, Adventure",7.6
Full Metal Panic!,(2002-2006),24,"Animation, Action, Adventure",7.6
Dejimon Teimâzu,(2001-2002),NA,"Animation, Action, Adventure",7.6
Goblin Slayer,(2018- ),30,"Animation, Action, Adventure",7.5
Sword Art Online,(2012- ),24,"Animation, Action, Adventure",7.5
Mirai nikki,(2011-2013),25,"Animation, Action, Drama",7.5
Otonari no tenshi-sama ni itsu no ma ni ka dame-ningen ni sareteita ken,-2023,NA,"Animation, Comedy, Romance",7.5
Kidô senshi Gandamu: Suisei no majo,(2022-2023),22,"Animation, Action, Drama",7.5
To aru kagaku no rêrugan,(2009-2020),24,"Animation, Action, Comedy",7.5
Ao Haru Ride,-2014,122,"Animation, Comedy, Drama",7.5
Beelzebub,(2011-2012),NA,"Animation, Action, Comedy",7.5
Dungeon ni Deai wo Motomeru no wa Machigatteiru Darou ka,(2015-2023),24,"Animation, Action, Adventure",7.4
Call of the Night,-2022,23,"Animation, Comedy, Fantasy",7.4
"Fuufu Ijou, Koibito Miman.",-2022,24,"Animation, Comedy, Drama",7.4
Astro Boy,(1963-1965),30,"Animation, Action, Adventure",7.4
Free!,(2013-2018),24,"Animation, Comedy, Drama",7.4
Itai no wa Iya nano de Bougyoryoku ni Kyokufuri Shitai to Omoimasu,(2020-2023),23,"Animation, Action, Adventure",7.4
Dejimon adobenchâ 02,(2000-2001),30,"Animation, Action, Adventure",7.4
Mao Gakuin no Futekigosha,(2020-2023),23,"Animation, Adventure, Comedy",7.3
DARLING in the FRANXX,-2018,24,"Animation, Action, Drama",7.3
Animatrix,-2003,100,"Animation, Action, Sci-Fi",7.3
Trigun Stampede,(2023- ),24,"Animation, Action, Adventure",7.3
NieR: Automata Ver 1.1a,(2023- ),23,"Animation, Action, Adventure",7.3
Sekirei,(2008-2010),23,"Animation, Action, Comedy",7.3
Otomege Sekai wa Mob ni Kibishii Sekai Desu,(2022- ),23,"Animation, Comedy, Fantasy",7.3
Senpai ga Uzai Kouhai no Hanashi,-2021,NA,"Animation, Comedy, Romance",7.3
Kami nomi zo Shiru Sekai,(2010-2013),24,"Animation, Comedy, Romance",7.3
Itazura na Kiss,-2008,24,"Animation, Comedy, Drama",7.3
Mieruko-chan,-2021,24,"Animation, Comedy, Fantasy",7.2
"Don't Toy with Me, Miss Nagatoro",(2021-2023),24,"Animation, Comedy, Romance",7.2
Sora no otoshimono,(2009-2010),NA,"Animation, Action, Comedy",7.2
Kekkai Sensen,(2015-2017),24,"Animation, Action, Adventure",7.2
Nisekoi,(2014-2016),25,"Animation, Comedy, Romance",7.2
Deadman Wonderland,-2011,24,"Animation, Action, Drama",7.1
Kakegurui,(2017-2019),24,"Animation, Drama, Mystery",7.1
Hanyô no Yashahime,(2020- ),NA,"Animation, Action, Adventure",7.1
Btooom!,-2012,25,"Animation, Action, Drama",7.1
Zombieland Saga,(2018- ),24,"Animation, Comedy, Fantasy",7.1
Air Gear,(2006-2008),25,"Animation, Action, Comedy",7.1
"Kanojo, Okarishimasu",(2020-2023),23,"Animation, Comedy, Romance",7
Isekai Mao to Shokan Shojo no Dorei Majutsu,(2018-2021),24,"Animation, Adventure, Comedy",7
Boku wa tomodachi ga sukunai,(2011-2013),25,"Animation, Comedy, Drama",7
Saenai hiroin no sodatekata,(2015-2017),24,"Animation, Comedy, Drama",7
Giruti kuraun: Guilty Crown,(2011-2012),23,"Animation, Action, Crime",7
Ore wo Suki nano wa Omae dake ka yo,(2019-2020),24,"Animation, Comedy, Drama",7
Thermae Romae Novae,-2022,30,"Animation, Comedy, Fantasy",7
Majo no Tabitabi,(2020- ),24,"Animation, Adventure, Fantasy",7
Jaku-chara Tomozaki-kun,(2021- ),24,"Animation, Comedy, Drama",7
Shakugan no Shana,(2005-2010),NA,"Animation, Action, Adventure",7
Amagi Brilliant Park,(2014-2015),24,"Animation, Comedy, Fantasy",7
Black Cat,(2005-2006),25,"Animation, Action, Crime",7
Date a Live,(2013- ),25,"Animation, Action, Comedy",6.9
Rozario to banpaia,-2008,25,"Animation, Comedy, Fantasy",6.9
Kore wa Zombie desu ka?,(2011-2012),25,"Animation, Action, Comedy",6.9
Ultraman,(2019-2023),25,"Animation, Action, Adventure",6.8
Danganronpa: Kibô no gakuen to zetsubô no kôkôsei - The animation,-2013,25,"Animation, Action, Crime",6.8
Spriggan,-2022,45,"Animation, Action, Adventure",6.8
Kenja no Mago,-2019,24,"Animation, Action, Adventure",6.8
To aru majutsu no indekkusu,(2008-2019),23,"Animation, Action, Comedy",6.8
Saihate no Paladin,(2021- ),NA,"Animation, Adventure, Drama",6.7
Trinity Seven: 7-nin no Masho Tsukai,(2014-2015),NA,"Animation, Action, Comedy",6.7
Kakkou no Iinazuke,-2022,23,"Animation, Comedy, Romance",6.7
Dejimon furontiâ,(2002-2003),NA,"Animation, Action, Adventure",6.7
Medabots,(1999-2004),30,"Animation, Action, Adventure",6.7
Monster Musume no Iru Nichijou,(2015-2017),23,"Animation, Comedy, Fantasy",6.6
Kinsô no Vermeil ~Gakeppuchi majutsushi wa saikyô no yakusai to mahô sekai wo tsukisusumu~,-2022,24,"Animation, Comedy, Fantasy",6.6
Kawaii dake ja nai Shikimori-san,-2022,23,"Animation, Comedy, Drama",6.6
Eden,(I) (2021- ),25,"Animation, Action, Adventure",6.6
Mega Man,(1994-1995),22,"Animation, Action, Adventure",6.6
Boruto: Naruto Next Generations,(2017- ),23,"Animation, Action, Adventure",6.5
"Bastard‼ -Heavy Metal, Dark Fantasy-",(2022-2023),25,"Animation, Action, Adventure",6.5
My Stepmom's Daughter Is My Ex,-2022,23,"Animation, Comedy, Romance",6.5
"Hachi-nan tte, Sore wa Nai deshou!",-2020,24,"Animation, Action, Adventure",6.5
Record of Ragnarok,(2021- ),24,"Animation, Action, Adventure",6.4
Kaifuku Jutsushi no Yarinaoshi,-2021,24,"Animation, Action, Adventure",6.4
Ghost in the Shell SAC_2045,(2020- ),25,"Animation, Action, Crime",6.4
Plunderer,-2020,24,"Animation, Action, Fantasy",6.4
Toraburu,(2008-2010),24,"Animation, Action, Comedy",6.4
"Isekai de Cheat Skill wo Te ni Shita Ore wa, Genjitsu Sekai wo mo Musou Suru: Level Up wa Jinsei wo Kaeta",-2023,NA,"Animation, Action, Adventure",6.4
Ore dake Haireru Kakushi Dungeon,-2021,24,"Animation, Action, Adventure",6.4
I've Been Killing Slimes for 300 Years and Maxed Out My Level,(2021- ),24,"Animation, Action, Adventure",6.4
Blade Runner: Black Lotus,(2021-2022),NA,"Animation, Action, Drama",6.3
Isekai Meikyuu de Harem o,-2022,24,"Animation, Action, Adventure",6.3
Yasuke,-2021,30,"Animation, Action, Adventure",6.2
Ikki Tousen,(2003- ),325,"Animation, Action, Adventure",5.9
Bakugan Savaşçıları,(2007-2011),22,"Animation, Action, Adventure",5.7
Seinto Seiya: Knights of the Zodiac,(2019-2022),24,"Animation, Action, Adventure",4.6